,Beta Range,Alpha,Gamma,Eta,Max Risk,Wealth,No Risk Wealth
0,21.0,0.9,0.01,0.04,1.0,20.77451095787796,12.41508345397344
