,Beta Range,Alpha,Gamma,Eta,Max Risk,Wealth,No Risk Wealth
0,63.0,0.7,0.0025,0.04,0.5,26.670504038959884,17.267777196318256
