,Beta Range,Alpha,Gamma,Eta,Max Risk,Wealth,No Risk Wealth
0,21.0,1.1,0.0025,0.08,1.0,19.29207151379,15.083299189399751
