,Beta Range,Alpha,Gamma,Eta,Max Risk,Wealth,No Risk Wealth
0,126.0,0.9,0.0,0.15,0.9,27.95378228831324,17.303986513730294
