,Beta Range,Alpha,Gamma,Eta,Max Risk,Wealth,No Risk Wealth
0,126.0,0.7,0.0,0.04,0.9,27.981499411172884,19.275105378675793
