,Beta Range,Alpha,Gamma,Eta,Max Risk,Wealth,No Risk Wealth
0,21.0,0.5,0.0025,0.04,0.9,27.519046483768168,17.267777196318256
