,Beta Range,Alpha,Gamma,Eta,Max Risk,Wealth,No Risk Wealth
0,21.0,0.7,0.0,0.08,1.0,20.57937624912047,17.451565337594133
