,Beta Range,Alpha,Gamma,Eta,Max Risk,Wealth,No Risk Wealth
0,63.0,1.1,0.01,0.15,1.0,17.093868673946726,9.617012400409017
