,Beta Range,Alpha,Gamma,Eta,Max Risk,Wealth,No Risk Wealth
0,126.0,1.1,0.01,0.15,1.0,17.10473562716383,9.617012400409017
