,Beta Range,Alpha,Gamma,Eta,Max Risk,Wealth,No Risk Wealth
0,63.0,1.3,0.0,0.08,2.0,17.451565337594133,17.451565337594133
