,Beta Range,Alpha,Gamma,Eta,Max Risk,Wealth,No Risk Wealth
0,126.0,0.9,0.0,0.3,1.0,24.948693544124165,16.39163699134565
