,Beta Range,Alpha,Gamma,Eta,Max Risk,Wealth,No Risk Wealth
0,63.0,0.7,0.0025,0.08,0.9,27.332314777909097,15.083299189399751
