,Beta Range,Alpha,Gamma,Eta,Max Risk,Wealth,No Risk Wealth
0,126.0,1.3,0.01,0.3,1.0,19.117259668072123,9.161608913909369
