,Beta Range,Alpha,Gamma,Eta,Max Risk,Wealth,No Risk Wealth
0,126.0,1.3,0.0025,0.1,0.7,26.670504038959884,14.974312478836186
