,Beta Range,Alpha,Gamma,Eta,Max Risk,Wealth,No Risk Wealth
0,126.0,0.9,0.0,0.04,1.0,27.047161643911394,19.275105378676766
