,Beta Range,Alpha,Gamma,Eta,Max Risk,Wealth,No Risk Wealth
0,63.0,0.9,0.0025,0.04,1.0,25.179852371010686,17.267777196318256
