,Beta Range,Alpha,Gamma,Eta,Max Risk,Wealth,No Risk Wealth
0,126.0,1.1,0.0025,0.2,1.0,23.65839304234874,14.980521441222331
