,Beta Range,Alpha,Gamma,Eta,Max Risk,Wealth,No Risk Wealth
0,63.0,0.5,0.0025,0.08,0.5,26.670504038959884,15.083299189399751
