,Beta Range,Alpha,Gamma,Eta,Max Risk,Wealth,No Risk Wealth
0,21.0,0.7,0.01,0.15,0.7,26.74163991233877,9.617012400409017
