,Beta Range,Alpha,Gamma,Eta,Max Risk,Wealth,No Risk Wealth
0,126.0,0.5,0.0,0.15,1.0,22.328930319371526,17.303986513730294
