,Beta Range,Alpha,Gamma,Eta,Max Risk,Wealth,No Risk Wealth
0,21.0,2.6,0.0025,25.0,0.9,1.0578594071160903,0.9626026295167207
