,Beta Range,Alpha,Gamma,Eta,Max Risk,Wealth,No Risk Wealth
0,63.0,3.5,0.01,27.0,1.3,0.6842338796612939,0.6171327968544376
