,Beta Range,Alpha,Gamma,Eta,Max Risk,Wealth,No Risk Wealth
0,42.0,1.1,0.0,14.0,1.15,1.0418894736956674,0.9385306671657856
