,Beta Range,Alpha,Gamma,Eta,Max Risk,Wealth,No Risk Wealth
0,126.0,1.3,0.0025,21.0,0.5,1.2091408557167314,0.38404768872226336
