,Beta Range,Alpha,Gamma,Eta,Max Risk,Wealth,No Risk Wealth
0,42.0,2.0,0.0025,30.0,0.8,0.7840093689722484,0.5158502159596896
