,Beta Range,Alpha,Gamma,Eta,Max Risk,Wealth,No Risk Wealth
0,252.0,1.7,0.0,30.0,0.65,0.9832147927688007,0.2533298106595676
