,Beta Range,Alpha,Gamma,Eta,Max Risk,Wealth,No Risk Wealth
0,126.0,1.1,0.001,13.0,0.6,1.3808950034438248,0.8358647311533317
