,Beta Range,Alpha,Gamma,Eta,Max Risk,Wealth,No Risk Wealth
0,42.0,1.1,0.01,16.0,0.9,0.5882749124692551,0.19142491186545915
