,Beta Range,Alpha,Gamma,Eta,Max Risk,Wealth,No Risk Wealth
0,63.0,3.0,0.01,13.0,0.8,1.3600766346359143,0.9883781013638787
