,Beta Range,Alpha,Gamma,Eta,Max Risk,Wealth,No Risk Wealth
0,252.0,1.2,0.01,11.0,0.65,1.4123879799501364,0.8403685072231649
