,Beta Range,Alpha,Gamma,Eta,Max Risk,Wealth,No Risk Wealth
0,126.0,2.8,0.0025,20.0,1.3,0.988396910378801,0.9126044003247498
