,Beta Range,Alpha,Gamma,Eta,Max Risk,Wealth,No Risk Wealth
0,252.0,0.7,0.0025,30.0,1.3,0.38659657704760275,0.1293721787489429
