,Beta Range,Alpha,Gamma,Eta,Max Risk,Wealth,No Risk Wealth
0,42.0,0.7,0.005,22.0,0.9,0.28008867984924457,0.14804718485908344
