,Beta Range,Alpha,Gamma,Eta,Max Risk,Wealth,No Risk Wealth
0,126.0,3.6,0.0025,17.0,1.25,1.2845180394518692,1.2817187426622538
