,Beta Range,Alpha,Gamma,Eta,Max Risk,Wealth,No Risk Wealth
0,252.0,0.3,0.005,14.0,0.6,1.0496592678474703,0.09217428041241772
