,Beta Range,Alpha,Gamma,Eta,Max Risk,Wealth,No Risk Wealth
0,63.0,3.2,0.01,9.0,1.2,0.9921288083348558,0.9867743075325625
