,Beta Range,Alpha,Gamma,Eta,Max Risk,Wealth,No Risk Wealth
0,63.0,2.5,0.01,12.0,0.85,1.235575143164159,0.9730939744751435
