,Beta Range,Alpha,Gamma,Eta,Max Risk,Wealth,No Risk Wealth
0,42.0,1.5,0.01,15.0,0.9,0.9632868647055622,0.635746068232963
