,Beta Range,Alpha,Gamma,Eta,Max Risk,Wealth,No Risk Wealth
0,42.0,0.6,0.0,13.0,1.35,0.5436648371559787,0.7109701340065049
