,Beta Range,Alpha,Gamma,Eta,Max Risk,Wealth,No Risk Wealth
0,42.0,3.2,0.001,23.0,0.95,1.602561121420229,0.9305715747356224
