,Beta Range,Alpha,Gamma,Eta,Max Risk,Wealth,No Risk Wealth
0,252.0,0.9,0.0,13.0,0.5,1.4990354556285157,0.747245298132278
