,Beta Range,Alpha,Gamma,Eta,Max Risk,Wealth,No Risk Wealth
0,252.0,2.3,0.01,14.0,0.8,1.36185878180047,0.9748220868258712
