,Beta Range,Alpha,Gamma,Eta,Max Risk,Wealth,No Risk Wealth
0,21.0,3.0,0.001,17.0,0.9,1.4217775805654522,1.352426690365255
