,Beta Range,Alpha,Gamma,Eta,Max Risk,Wealth,No Risk Wealth
0,21.0,1.0,0.005,26.0,0.85,1.0850466283170226,0.15995689643592695
