,Beta Range,Alpha,Gamma,Eta,Max Risk,Wealth,No Risk Wealth
0,126.0,1.7,0.0025,14.0,1.25,1.101344150371961,1.0817320155243861
