,Beta Range,Alpha,Gamma,Eta,Max Risk,Wealth,No Risk Wealth
0,21.0,0.8,0.01,15.0,1.25,0.888216111372257,0.14508004070062028
