,Beta Range,Alpha,Gamma,Eta,Max Risk,Wealth,No Risk Wealth
0,63.0,0.5,0.0025,16.0,1.0,0.819824995442703,0.37744096473203764
