,Beta Range,Alpha,Gamma,Eta,Max Risk,Wealth,No Risk Wealth
0,63.0,3.5,0.001,17.0,1.3,1.3340625253089888,1.352426690365255
