,Beta Range,Alpha,Gamma,Eta,Max Risk,Wealth,No Risk Wealth
0,126.0,0.4,0.01,20.0,1.35,0.006761286133251095,0.0030647432303662
