,Beta Range,Alpha,Gamma,Eta,Max Risk,Wealth,No Risk Wealth
0,42.0,0.1,0.0025,8.0,1.35,0.28408732601409387,0.2073840829039596
