,Beta Range,Alpha,Gamma,Eta,Max Risk,Wealth,No Risk Wealth
0,126.0,3.8,0.001,25.0,0.8,1.6796092484208116,1.0251975686506023
