,Beta Range,Alpha,Gamma,Eta,Max Risk,Wealth,No Risk Wealth
0,42.0,3.4,0.001,10.0,0.75,1.5266882809912947,1.2267241213371418
