,Beta Range,Alpha,Gamma,Eta,Max Risk,Wealth,No Risk Wealth
0,42.0,2.8,0.001,24.0,0.7,1.6067150419495213,1.1743207266475817
