,Beta Range,Alpha,Gamma,Eta,Max Risk,Wealth,No Risk Wealth
0,21.0,2.3,0.01,15.0,1.15,1.1541180997189708,0.9122133925455248
