,Beta Range,Alpha,Gamma,Eta,Max Risk,Wealth,No Risk Wealth
0,63.0,1.2,0.001,10.0,1.45,1.241121730396586,1.2219910163465186
