,Beta Range,Alpha,Gamma,Eta,Max Risk,Wealth,No Risk Wealth
0,42.0,0.6,0.01,23.0,1.3,0.03228481453799122,0.009855549904863314
