,Beta Range,Alpha,Gamma,Eta,Max Risk,Wealth,No Risk Wealth
0,42.0,1.5,0.0,24.0,0.95,0.9252944473391059,0.5438172562974517
