,Beta Range,Alpha,Gamma,Eta,Max Risk,Wealth,No Risk Wealth
0,21.0,0.5,0.0025,27.0,1.25,0.15716627617892873,0.09850790705415884
