,Beta Range,Alpha,Gamma,Eta,Max Risk,Wealth,No Risk Wealth
0,21.0,1.1,0.0025,8.0,0.95,1.3990973486331,1.2985035781389518
