,Beta Range,Alpha,Gamma,Eta,Max Risk,Wealth,No Risk Wealth
0,126.0,1.8,0.001,15.0,0.8,1.3243936697624512,0.9904484740157852
