,Beta Range,Alpha,Gamma,Eta,Max Risk,Wealth,No Risk Wealth
0,42.0,0.4,0.001,16.0,0.75,0.8542668225805251,0.4900451405734442
