,Beta Range,Alpha,Gamma,Eta,Max Risk,Wealth,No Risk Wealth
0,252.0,1.1,0.001,27.0,1.4,0.574699837855936,0.3979048001577706
