,Beta Range,Alpha,Gamma,Eta,Max Risk,Wealth,No Risk Wealth
0,42.0,1.5,0.0025,22.0,1.2,0.5226063775357119,0.3710343989919587
