,Beta Range,Alpha,Gamma,Eta,Max Risk,Wealth,No Risk Wealth
0,21.0,1.8,0.001,23.0,0.5,1.3004109463584221,0.552848238358558
