,Beta Range,Alpha,Gamma,Eta,Max Risk,Wealth,No Risk Wealth
0,21.0,0.7,0.001,25.0,1.2,0.6428550763380426,0.47904979938310005
