,Beta Range,Alpha,Gamma,Eta,Max Risk,Wealth,No Risk Wealth
0,126.0,3.3,0.01,27.0,0.5,1.0785564022410756,0.7692882278046103
