,Beta Range,Alpha,Gamma,Eta,Max Risk,Wealth,No Risk Wealth
0,21.0,1.3,0.005,24.0,0.7,1.2653955253816458,0.10709518320277155
