,Beta Range,Alpha,Gamma,Eta,Max Risk,Wealth,No Risk Wealth
0,42.0,1.4,0.0025,20.0,0.6,1.1863317529680248,0.39393407284425824
