,Beta Range,Alpha,Gamma,Eta,Max Risk,Wealth,No Risk Wealth
0,42.0,2.0,0.0,27.0,1.4,0.5249820656448317,0.719426067129021
