,Beta Range,Alpha,Gamma,Eta,Max Risk,Wealth,No Risk Wealth
0,126.0,0.8,0.01,13.0,0.7,0.8185535273486656,0.31699488414537513
