,Beta Range,Alpha,Gamma,Eta,Max Risk,Wealth,No Risk Wealth
0,63.0,3.6,0.01,18.0,0.85,1.0313109337352073,0.9739791965668834
