,Beta Range,Alpha,Gamma,Eta,Max Risk,Wealth,No Risk Wealth
0,42.0,1.7,0.001,15.0,1.25,1.1466617986808036,0.9829423968078123
