,Beta Range,Alpha,Gamma,Eta,Max Risk,Wealth,No Risk Wealth
0,42.0,2.9,0.0025,17.0,1.2,1.028050782587155,1.28020890253549
