,Beta Range,Alpha,Gamma,Eta,Max Risk,Wealth,No Risk Wealth
0,126.0,1.1,0.01,22.0,0.9,0.33139249309887153,0.1147938794219129
