,Beta Range,Alpha,Gamma,Eta,Max Risk,Wealth,No Risk Wealth
0,63.0,3.5,0.001,20.0,1.1,1.2316903639541381,1.3021227937974371
