,Beta Range,Alpha,Gamma,Eta,Max Risk,Wealth,No Risk Wealth
0,252.0,3.9,0.0,21.0,0.7,1.4979038355699177,1.246131647420341
