,Beta Range,Alpha,Gamma,Eta,Max Risk,Wealth,No Risk Wealth
0,42.0,3.6,0.0,29.0,1.2,1.0169051250178895,0.788060238632989
