,Beta Range,Alpha,Gamma,Eta,Max Risk,Wealth,No Risk Wealth
0,126.0,2.9,0.005,19.0,0.6,1.1691227067874543,1.0563038730228071
