,Beta Range,Alpha,Gamma,Eta,Max Risk,Wealth,No Risk Wealth
0,21.0,0.1,0.005,12.0,1.4,0.025923998088135627,0.014014337600807305
