,Beta Range,Alpha,Gamma,Eta,Max Risk,Wealth,No Risk Wealth
0,63.0,1.3,0.0,10.0,1.0,1.2536752687285617,1.342674984348294
