,Beta Range,Alpha,Gamma,Eta,Max Risk,Wealth,No Risk Wealth
0,42.0,3.7,0.0025,18.0,1.1,1.3503732697824928,1.2863481599266344
