,Beta Range,Alpha,Gamma,Eta,Max Risk,Wealth,No Risk Wealth
0,126.0,0.2,0.0,23.0,1.2,0.5282514463567687,0.6491978218337032
