,Beta Range,Alpha,Gamma,Eta,Max Risk,Wealth,No Risk Wealth
0,126.0,1.7,0.01,16.0,0.95,0.7554651269445258,0.7003130114438924
