,Beta Range,Alpha,Gamma,Eta,Max Risk,Wealth,No Risk Wealth
0,42.0,1.8,0.001,28.0,1.25,0.3969236415220805,0.35400811094670354
