,Beta Range,Alpha,Gamma,Eta,Max Risk,Wealth,No Risk Wealth
0,42.0,3.6,0.01,28.0,1.05,1.1113206317034285,0.4976752416995854
