,Beta Range,Alpha,Gamma,Eta,Max Risk,Wealth,No Risk Wealth
0,21.0,1.8,0.001,22.0,0.6,1.3819794258991311,0.8633860918436479
