,Beta Range,Alpha,Gamma,Eta,Max Risk,Wealth,No Risk Wealth
0,126.0,0.0,0.0025,27.0,1.0,0.07987565243495631,0.01449712269293849
