,Beta Range,Alpha,Gamma,Eta,Max Risk,Wealth,No Risk Wealth
0,42.0,2.2,0.01,31.0,0.65,0.8148136336684918,0.21737185987334107
