,Beta Range,Alpha,Gamma,Eta,Max Risk,Wealth,No Risk Wealth
0,252.0,0.8,0.01,9.0,0.7,1.4014097820797171,0.7988137949497583
