,Beta Range,Alpha,Gamma,Eta,Max Risk,Wealth,No Risk Wealth
0,42.0,0.5,0.01,20.0,0.95,0.0809587732963006,0.010611572406716186
