,Beta Range,Alpha,Gamma,Eta,Max Risk,Wealth,No Risk Wealth
0,252.0,3.6,0.01,31.0,1.2,0.6756282095412531,0.5031618552809042
