,Beta Range,Alpha,Gamma,Eta,Max Risk,Wealth,No Risk Wealth
0,42.0,1.0,0.0,9.0,1.1,1.5254191044843421,1.2338348147305471
