,Beta Range,Alpha,Gamma,Eta,Max Risk,Wealth,No Risk Wealth
0,21.0,3.4,0.001,15.0,1.1,1.4558884943910344,1.3683940435933841
