,Beta Range,Alpha,Gamma,Eta,Max Risk,Wealth,No Risk Wealth
0,42.0,0.4,0.005,12.0,1.25,0.44982888999277415,0.24306376039547778
