,Beta Range,Alpha,Gamma,Eta,Max Risk,Wealth,No Risk Wealth
0,252.0,1.7,0.0025,17.0,0.9,1.2999032786288536,0.890218601603731
