,Beta Range,Alpha,Gamma,Eta,Max Risk,Wealth,No Risk Wealth
0,252.0,1.2,0.005,12.0,1.1,1.0392771198727453,0.9307660040775999
