,Beta Range,Alpha,Gamma,Eta,Max Risk,Wealth,No Risk Wealth
0,42.0,3.5,0.01,22.0,0.55,1.3713489232991292,0.7794725871163781
