,Beta Range,Alpha,Gamma,Eta,Max Risk,Wealth,No Risk Wealth
0,42.0,0.8,0.0,25.0,1.15,0.6556052480565073,0.743259188714203
