,Beta Range,Alpha,Gamma,Eta,Max Risk,Wealth,No Risk Wealth
0,42.0,3.7,0.001,17.0,0.9,2.057466020942457,1.352426690365255
