,Beta Range,Alpha,Gamma,Eta,Max Risk,Wealth,No Risk Wealth
0,21.0,1.7,0.005,29.0,1.0,0.9820025086374509,0.13694668773573995
