,Beta Range,Alpha,Gamma,Eta,Max Risk,Wealth,No Risk Wealth
0,252.0,2.4,0.0025,23.0,1.1,0.9693322899573641,1.069131634814799
