,Beta Range,Alpha,Gamma,Eta,Max Risk,Wealth,No Risk Wealth
0,42.0,0.1,0.0025,12.0,1.05,0.19556151873918193,0.09229938082479573
