,Beta Range,Alpha,Gamma,Eta,Max Risk,Wealth,No Risk Wealth
0,42.0,2.0,0.005,28.0,0.5,1.0927753313125532,0.37245199394843753
