,Beta Range,Alpha,Gamma,Eta,Max Risk,Wealth,No Risk Wealth
0,42.0,2.0,0.0,15.0,1.2,1.3361855018239306,1.1808312425392478
