,Beta Range,Alpha,Gamma,Eta,Max Risk,Wealth,No Risk Wealth
0,126.0,2.3,0.001,20.0,0.55,1.4284614505189825,1.1221114904246239
