,Beta Range,Alpha,Gamma,Eta,Max Risk,Wealth,No Risk Wealth
0,63.0,2.1,0.005,26.0,1.0,0.9530232491019776,0.5359333876079654
