,Beta Range,Alpha,Gamma,Eta,Max Risk,Wealth,No Risk Wealth
0,42.0,0.9,0.001,8.0,1.35,1.2745998819660003,1.2496522536992722
