,Beta Range,Alpha,Gamma,Eta,Max Risk,Wealth,No Risk Wealth
0,63.0,2.5,0.0,26.0,1.0,1.1389517321925082,0.8779325043576099
