,Beta Range,Alpha,Gamma,Eta,Max Risk,Wealth,No Risk Wealth
0,42.0,3.6,0.005,18.0,1.4,1.1639448206352083,1.172448872085606
