,Beta Range,Alpha,Gamma,Eta,Max Risk,Wealth,No Risk Wealth
0,63.0,0.0,0.0,23.0,1.45,0.6977509526893546,0.719559407176842
