,Beta Range,Alpha,Gamma,Eta,Max Risk,Wealth,No Risk Wealth
0,126.0,3.2,0.001,10.0,0.55,1.532170693785492,1.2267241213371418
