,Beta Range,Alpha,Gamma,Eta,Max Risk,Wealth,No Risk Wealth
0,126.0,1.7,0.0025,30.0,1.45,0.20044744274057574,0.15267515183733352
