,Beta Range,Alpha,Gamma,Eta,Max Risk,Wealth,No Risk Wealth
0,42.0,2.3,0.01,18.0,0.7,1.213171102918941,0.716901456067012
