,Beta Range,Alpha,Gamma,Eta,Max Risk,Wealth,No Risk Wealth
0,21.0,3.4,0.001,24.0,0.75,1.4408994198647873,0.9242870174222907
