,Beta Range,Alpha,Gamma,Eta,Max Risk,Wealth,No Risk Wealth
0,126.0,0.7,0.01,28.0,1.3,0.012510240350205688,0.0037580899480768853
