,Beta Range,Alpha,Gamma,Eta,Max Risk,Wealth,No Risk Wealth
0,252.0,0.1,0.01,24.0,0.95,0.007042641276216325,1.7124600256508468e-06
