,Beta Range,Alpha,Gamma,Eta,Max Risk,Wealth,No Risk Wealth
0,21.0,1.1,0.0,19.0,1.4,1.096936080659317,0.5769486642750952
