,Beta Range,Alpha,Gamma,Eta,Max Risk,Wealth,No Risk Wealth
0,21.0,0.2,0.01,14.0,0.85,0.12302488653550661,0.0018880852493914143
