,Beta Range,Alpha,Gamma,Eta,Max Risk,Wealth,No Risk Wealth
0,21.0,0.1,0.0025,27.0,1.45,0.045690868270206485,0.023770224390255463
