,Beta Range,Alpha,Gamma,Eta,Max Risk,Wealth,No Risk Wealth
0,126.0,3.7,0.001,19.0,1.45,1.3686521529652478,1.3686521529652478
