,Beta Range,Alpha,Gamma,Eta,Max Risk,Wealth,No Risk Wealth
0,63.0,1.7,0.005,29.0,0.55,0.8248353375690761,0.13694668773573995
