,Beta Range,Alpha,Gamma,Eta,Max Risk,Wealth,No Risk Wealth
0,21.0,0.9,0.0,31.0,1.4,0.8479232120649861,0.6748771478493514
