,Beta Range,Alpha,Gamma,Eta,Max Risk,Wealth,No Risk Wealth
0,126.0,3.4,0.01,26.0,1.1,1.1358559935886348,0.7174582345557754
