,Beta Range,Alpha,Gamma,Eta,Max Risk,Wealth,No Risk Wealth
0,126.0,3.7,0.0025,19.0,1.35,1.2920893748010798,1.2920893748010798
