,Beta Range,Alpha,Gamma,Eta,Max Risk,Wealth,No Risk Wealth
0,42.0,2.9,0.005,21.0,0.85,0.8748294527300372,0.81784688229694
