,Beta Range,Alpha,Gamma,Eta,Max Risk,Wealth,No Risk Wealth
0,21.0,3.8,0.01,29.0,1.25,0.406652334311342,0.44311084983284016
