,Beta Range,Alpha,Gamma,Eta,Max Risk,Wealth,No Risk Wealth
0,63.0,1.6,0.005,8.0,1.4,1.1275582779270066,1.1275582779270066
