,Beta Range,Alpha,Gamma,Eta,Max Risk,Wealth,No Risk Wealth
0,252.0,0.4,0.0025,28.0,0.7,0.6993090794440154,0.06157810974573762
