,Beta Range,Alpha,Gamma,Eta,Max Risk,Wealth,No Risk Wealth
0,126.0,2.5,0.0025,16.0,1.05,1.024458193344112,1.2123549343339024
