,Beta Range,Alpha,Gamma,Eta,Max Risk,Wealth,No Risk Wealth
0,252.0,3.7,0.0,9.0,1.05,1.3183253919135622,1.2626473324352352
