,Beta Range,Alpha,Gamma,Eta,Max Risk,Wealth,No Risk Wealth
0,252.0,2.1,0.0,10.0,1.25,1.2590712501081038,1.2590712501081038
