,Beta Range,Alpha,Gamma,Eta,Max Risk,Wealth,No Risk Wealth
0,21.0,2.1,0.001,15.0,1.0,1.3091981237923438,1.1981176450049533
