,Beta Range,Alpha,Gamma,Eta,Max Risk,Wealth,No Risk Wealth
0,42.0,1.2,0.01,12.0,1.0,0.9517117495530741,0.776443079111501
