,Beta Range,Alpha,Gamma,Eta,Max Risk,Wealth,No Risk Wealth
0,42.0,2.5,0.001,30.0,1.1,0.8058000139015752,0.6259793272412835
