,Beta Range,Alpha,Gamma,Eta,Max Risk,Wealth,No Risk Wealth
0,252.0,0.4,0.01,15.0,1.25,0.05637964999182927,0.030974247560526944
