,Beta Range,Alpha,Gamma,Eta,Max Risk,Wealth,No Risk Wealth
0,126.0,1.4,0.001,24.0,0.9,0.6713591843473986,0.2650960832803646
