,Beta Range,Alpha,Gamma,Eta,Max Risk,Wealth,No Risk Wealth
0,126.0,1.3,0.001,15.0,0.55,1.5039127846579243,0.9265664234852224
