,Beta Range,Alpha,Gamma,Eta,Max Risk,Wealth,No Risk Wealth
0,126.0,2.1,0.001,12.0,0.65,1.5035219792104155,1.2662412556806917
