,Beta Range,Alpha,Gamma,Eta,Max Risk,Wealth,No Risk Wealth
0,63.0,3.9,0.005,23.0,1.2,1.0145783252829061,0.9803215202011059
