,Beta Range,Alpha,Gamma,Eta,Max Risk,Wealth,No Risk Wealth
0,21.0,1.4,0.01,15.0,1.1,1.0822731567519852,0.6638104868675151
