,Beta Range,Alpha,Gamma,Eta,Max Risk,Wealth,No Risk Wealth
0,63.0,2.7,0.001,30.0,1.35,0.5716205389592858,0.6181086990195463
