,Beta Range,Alpha,Gamma,Eta,Max Risk,Wealth,No Risk Wealth
0,126.0,2.9,0.001,11.0,1.25,1.2759379944431477,1.277739245202612
