,Beta Range,Alpha,Gamma,Eta,Max Risk,Wealth,No Risk Wealth
0,42.0,0.5,0.01,10.0,1.25,0.286496988745147,0.3276044456769601
