,Beta Range,Alpha,Gamma,Eta,Max Risk,Wealth,No Risk Wealth
0,126.0,0.3,0.01,17.0,0.6,0.4332712222457708,0.0028100617913245024
