,Beta Range,Alpha,Gamma,Eta,Max Risk,Wealth,No Risk Wealth
0,252.0,0.3,0.0,10.0,0.85,1.2321270991809126,0.7622867319420168
