,Beta Range,Alpha,Gamma,Eta,Max Risk,Wealth,No Risk Wealth
0,42.0,0.4,0.005,23.0,0.6,0.4590486489729957,0.022547005660327038
