,Beta Range,Alpha,Gamma,Eta,Max Risk,Wealth,No Risk Wealth
0,252.0,0.6,0.0025,19.0,0.7,0.9451630030532675,0.33477461366239103
