,Beta Range,Alpha,Gamma,Eta,Max Risk,Wealth,No Risk Wealth
0,126.0,3.0,0.005,15.0,0.7,1.494387219115595,1.1974843274262965
