,Beta Range,Alpha,Gamma,Eta,Max Risk,Wealth,No Risk Wealth
0,63.0,2.2,0.01,24.0,0.5,1.0053082989762103,0.5429197703464301
