,Beta Range,Alpha,Gamma,Eta,Max Risk,Wealth,No Risk Wealth
0,63.0,3.6,0.0,16.0,1.0,1.0722581164653897,1.3806243635974458
