,Beta Range,Alpha,Gamma,Eta,Max Risk,Wealth,No Risk Wealth
0,252.0,0.7,0.0025,16.0,0.85,0.922218979432604,0.4460188255497445
