,Beta Range,Alpha,Gamma,Eta,Max Risk,Wealth,No Risk Wealth
0,252.0,0.2,0.0,27.0,1.2,0.7037506038770986,0.6991566243109064
