,Beta Range,Alpha,Gamma,Eta,Max Risk,Wealth,No Risk Wealth
0,63.0,2.8,0.0025,28.0,0.9,1.3514895549145016,0.7913758361232817
