,Beta Range,Alpha,Gamma,Eta,Max Risk,Wealth,No Risk Wealth
0,42.0,1.3,0.001,26.0,1.05,0.7290832468154504,0.2425684965272861
