,Beta Range,Alpha,Gamma,Eta,Max Risk,Wealth,No Risk Wealth
0,63.0,0.4,0.0025,28.0,1.0,0.20424043484033785,0.06157810974573762
