,Beta Range,Alpha,Gamma,Eta,Max Risk,Wealth,No Risk Wealth
0,42.0,1.4,0.0,15.0,1.15,1.0775749242769361,1.0222704261483342
