,Beta Range,Alpha,Gamma,Eta,Max Risk,Wealth,No Risk Wealth
0,21.0,1.8,0.001,9.0,1.35,1.2327271506872286,1.2319043706808444
