,Beta Range,Alpha,Gamma,Eta,Max Risk,Wealth,No Risk Wealth
0,21.0,2.1,0.0025,11.0,0.7,1.4460776299319853,1.2251046084738524
