,Beta Range,Alpha,Gamma,Eta,Max Risk,Wealth,No Risk Wealth
0,21.0,2.6,0.001,9.0,1.0,1.5098679570517761,1.2319043706808444
