,Beta Range,Alpha,Gamma,Eta,Max Risk,Wealth,No Risk Wealth
0,252.0,0.0,0.005,15.0,0.5,0.6436034792915969,0.0009320381929623325
