,Beta Range,Alpha,Gamma,Eta,Max Risk,Wealth,No Risk Wealth
0,42.0,2.3,0.0,9.0,1.1,1.5206693414944799,1.2626473324352352
