,Beta Range,Alpha,Gamma,Eta,Max Risk,Wealth,No Risk Wealth
0,21.0,1.6,0.0,12.0,0.75,1.5260758449655205,1.2431911017585218
