,Beta Range,Alpha,Gamma,Eta,Max Risk,Wealth,No Risk Wealth
0,63.0,2.0,0.01,29.0,0.8,0.44965491959735293,0.1824081621861411
