,Beta Range,Alpha,Gamma,Eta,Max Risk,Wealth,No Risk Wealth
0,63.0,0.6,0.001,31.0,0.85,0.4391599690292674,0.23682756721489262
