,Beta Range,Alpha,Gamma,Eta,Max Risk,Wealth,No Risk Wealth
0,63.0,2.0,0.001,22.0,0.55,1.1785889462316352,1.0372087749191534
