,Beta Range,Alpha,Gamma,Eta,Max Risk,Wealth,No Risk Wealth
0,63.0,2.3,0.001,31.0,1.25,0.8483230984067587,0.5788125728760147
