,Beta Range,Alpha,Gamma,Eta,Max Risk,Wealth,No Risk Wealth
0,63.0,3.6,0.0,22.0,0.65,1.8366561742241672,1.2081339824656525
