,Beta Range,Alpha,Gamma,Eta,Max Risk,Wealth,No Risk Wealth
0,63.0,2.6,0.005,28.0,0.55,1.065949377749209,0.5127792893801922
