,Beta Range,Alpha,Gamma,Eta,Max Risk,Wealth,No Risk Wealth
0,252.0,2.2,0.001,11.0,1.2,1.277739245202612,1.277739245202612
