,Beta Range,Alpha,Gamma,Eta,Max Risk,Wealth,No Risk Wealth
0,21.0,3.5,0.0025,15.0,0.8,1.4450870924330423,1.3016209480028544
