,Beta Range,Alpha,Gamma,Eta,Max Risk,Wealth,No Risk Wealth
0,21.0,2.3,0.0,16.0,0.65,1.5189982001075477,1.2334587511904458
