,Beta Range,Alpha,Gamma,Eta,Max Risk,Wealth,No Risk Wealth
0,63.0,2.1,0.001,29.0,0.95,1.9760074974039585,0.5436381736104074
