,Beta Range,Alpha,Gamma,Eta,Max Risk,Wealth,No Risk Wealth
0,63.0,3.5,0.001,23.0,0.85,0.9295898957280583,1.1783835633570843
