,Beta Range,Alpha,Gamma,Eta,Max Risk,Wealth,No Risk Wealth
0,63.0,0.5,0.0025,14.0,1.0,0.9845811006936479,0.3875075028450234
