,Beta Range,Alpha,Gamma,Eta,Max Risk,Wealth,No Risk Wealth
0,63.0,3.2,0.0,25.0,1.45,1.2360061566560951,1.2680931486341034
