,Beta Range,Alpha,Gamma,Eta,Max Risk,Wealth,No Risk Wealth
0,126.0,0.8,0.0,17.0,1.0,0.9679496234642584,0.6627673685735936
