,Beta Range,Alpha,Gamma,Eta,Max Risk,Wealth,No Risk Wealth
0,63.0,1.4,0.01,17.0,1.15,0.8036772170071308,0.5370247192611052
