,Beta Range,Alpha,Gamma,Eta,Max Risk,Wealth,No Risk Wealth
0,21.0,3.6,0.005,31.0,0.85,0.8775582893411883,0.6790264200189352
