,Beta Range,Alpha,Gamma,Eta,Max Risk,Wealth,No Risk Wealth
0,63.0,0.7,0.0,30.0,1.0,0.7461057723870351,0.5297307087571503
