,Beta Range,Alpha,Gamma,Eta,Max Risk,Wealth,No Risk Wealth
0,252.0,2.0,0.001,30.0,1.2,0.3937814129338756,0.6216833819751261
