,Beta Range,Alpha,Gamma,Eta,Max Risk,Wealth,No Risk Wealth
0,21.0,0.0,0.0,17.0,1.3,0.6510377690670565,0.6324052623634859
