,Beta Range,Alpha,Gamma,Eta,Max Risk,Wealth,No Risk Wealth
0,126.0,3.0,0.001,28.0,0.5,1.3134087914859809,0.9294885767074049
