,Beta Range,Alpha,Gamma,Eta,Max Risk,Wealth,No Risk Wealth
0,21.0,2.8,0.0,18.0,0.8,1.3020146216401518,1.420987194605032
