,Beta Range,Alpha,Gamma,Eta,Max Risk,Wealth,No Risk Wealth
0,42.0,3.6,0.005,27.0,0.5,1.1462715383259057,0.4969474812966111
