,Beta Range,Alpha,Gamma,Eta,Max Risk,Wealth,No Risk Wealth
0,252.0,2.5,0.005,22.0,0.75,1.4574522447947769,0.949786545186823
