,Beta Range,Alpha,Gamma,Eta,Max Risk,Wealth,No Risk Wealth
0,21.0,3.8,0.01,14.0,1.1,1.0482080092607373,0.9726127977662107
