,Beta Range,Alpha,Gamma,Eta,Max Risk,Wealth,No Risk Wealth
0,252.0,3.4,0.0025,20.0,0.55,1.3650659794060784,1.224339174024217
