,Beta Range,Alpha,Gamma,Eta,Max Risk,Wealth,No Risk Wealth
0,63.0,1.6,0.01,28.0,0.7,0.4910466905743294,0.05952120012330873
