,Beta Range,Alpha,Gamma,Eta,Max Risk,Wealth,No Risk Wealth
0,42.0,0.5,0.01,23.0,1.15,0.01764317223743376,0.0031847946978011523
