,Beta Range,Alpha,Gamma,Eta,Max Risk,Wealth,No Risk Wealth
0,126.0,3.2,0.001,20.0,0.7,1.5050642593574362,1.2934342169207758
