,Beta Range,Alpha,Gamma,Eta,Max Risk,Wealth,No Risk Wealth
0,252.0,1.8,0.001,24.0,0.65,1.210097236227516,0.46934838511496463
