,Beta Range,Alpha,Gamma,Eta,Max Risk,Wealth,No Risk Wealth
0,63.0,0.0,0.0025,11.0,1.35,0.05386999818463237,0.036786556483000554
