,Beta Range,Alpha,Gamma,Eta,Max Risk,Wealth,No Risk Wealth
0,63.0,3.3,0.005,20.0,1.25,1.0776641878465547,1.1018932651267108
