,Beta Range,Alpha,Gamma,Eta,Max Risk,Wealth,No Risk Wealth
0,63.0,3.4,0.01,10.0,1.2,0.9801567723694403,0.9705101626554149
