,Beta Range,Alpha,Gamma,Eta,Max Risk,Wealth,No Risk Wealth
0,63.0,3.2,0.0,12.0,0.95,1.3111548041867545,1.304791976153786
