,Beta Range,Alpha,Gamma,Eta,Max Risk,Wealth,No Risk Wealth
0,42.0,1.0,0.0,18.0,0.8,1.0402112102946877,0.6117083644432978
