,Beta Range,Alpha,Gamma,Eta,Max Risk,Wealth,No Risk Wealth
0,63.0,1.5,0.0,15.0,1.0,1.1706959295921298,0.9616404593661698
