,Beta Range,Alpha,Gamma,Eta,Max Risk,Wealth,No Risk Wealth
0,21.0,1.9,0.01,9.0,0.55,1.4981555709496064,0.9867743075325625
