,Beta Range,Alpha,Gamma,Eta,Max Risk,Wealth,No Risk Wealth
0,21.0,2.0,0.01,10.0,1.0,1.0620334337872954,0.9705101626554149
