,Beta Range,Alpha,Gamma,Eta,Max Risk,Wealth,No Risk Wealth
0,42.0,1.4,0.005,18.0,0.85,0.9427481927269102,0.5660848159569004
