,Beta Range,Alpha,Gamma,Eta,Max Risk,Wealth,No Risk Wealth
0,21.0,1.3,0.005,12.0,1.4,1.0590305354623248,1.006511258404051
