,Beta Range,Alpha,Gamma,Eta,Max Risk,Wealth,No Risk Wealth
0,42.0,0.9,0.0025,26.0,1.45,0.49257335382522105,0.37152833104473926
