,Beta Range,Alpha,Gamma,Eta,Max Risk,Wealth,No Risk Wealth
0,63.0,1.4,0.005,21.0,1.0,0.7420668486503997,0.24922103323362182
