,Beta Range,Alpha,Gamma,Eta,Max Risk,Wealth,No Risk Wealth
0,21.0,1.7,0.0,24.0,0.65,1.2597400754878134,0.49080106314392075
