,Beta Range,Alpha,Gamma,Eta,Max Risk,Wealth,No Risk Wealth
0,42.0,2.0,0.001,20.0,0.7,1.2697846776169446,0.9565916244202818
