,Beta Range,Alpha,Gamma,Eta,Max Risk,Wealth,No Risk Wealth
0,63.0,1.2,0.0025,9.0,1.25,1.304203066757119,1.3046850128272294
