,Beta Range,Alpha,Gamma,Eta,Max Risk,Wealth,No Risk Wealth
0,126.0,0.3,0.0025,30.0,0.95,0.2040457173729108,0.04677439818611458
