,Beta Range,Alpha,Gamma,Eta,Max Risk,Wealth,No Risk Wealth
0,42.0,0.0,0.001,31.0,0.8,0.5197905770106812,0.166230672690155
