,Beta Range,Alpha,Gamma,Eta,Max Risk,Wealth,No Risk Wealth
0,21.0,3.4,0.005,17.0,1.1,1.3204892624499982,1.1719805839284985
