,Beta Range,Alpha,Gamma,Eta,Max Risk,Wealth,No Risk Wealth
0,21.0,2.2,0.01,19.0,0.9,1.148480923624435,0.7396965807476137
