,Beta Range,Alpha,Gamma,Eta,Max Risk,Wealth,No Risk Wealth
0,126.0,1.2,0.01,23.0,0.95,0.21077937795689167,0.05077866477914943
