,Beta Range,Alpha,Gamma,Eta,Max Risk,Wealth,No Risk Wealth
0,42.0,0.5,0.001,26.0,0.5,1.1841848570424767,0.2887789942546639
