,Beta Range,Alpha,Gamma,Eta,Max Risk,Wealth,No Risk Wealth
0,21.0,0.0,0.001,17.0,0.8,0.7175756874998375,0.16205082764171738
