,Beta Range,Alpha,Gamma,Eta,Max Risk,Wealth,No Risk Wealth
0,126.0,2.1,0.01,9.0,0.9,1.317445739861706,0.9867743075325625
