,Beta Range,Alpha,Gamma,Eta,Max Risk,Wealth,No Risk Wealth
0,42.0,0.8,0.001,17.0,1.15,0.824742971764596,0.5645175112123443
