,Beta Range,Alpha,Gamma,Eta,Max Risk,Wealth,No Risk Wealth
0,252.0,1.7,0.005,14.0,0.5,1.502763844638613,0.9894163746006662
