,Beta Range,Alpha,Gamma,Eta,Max Risk,Wealth,No Risk Wealth
0,126.0,1.0,0.01,27.0,1.25,0.06311587119245782,0.032998025568150596
