,Beta Range,Alpha,Gamma,Eta,Max Risk,Wealth,No Risk Wealth
0,21.0,1.8,0.0,14.0,1.4,1.2234002169490092,1.2093442734490127
