,Beta Range,Alpha,Gamma,Eta,Max Risk,Wealth,No Risk Wealth
0,126.0,3.5,0.005,20.0,0.85,1.1610564100938976,1.106142420896515
