,Beta Range,Alpha,Gamma,Eta,Max Risk,Wealth,No Risk Wealth
0,126.0,0.8,0.001,20.0,0.75,0.7349137182234964,0.41262400218677187
