,Beta Range,Alpha,Gamma,Eta,Max Risk,Wealth,No Risk Wealth
0,42.0,3.9,0.005,24.0,1.1,1.4990069252674076,0.9810691478970146
