,Beta Range,Alpha,Gamma,Eta,Max Risk,Wealth,No Risk Wealth
0,21.0,0.6,0.0,30.0,0.9,0.7880053017710948,0.5089809126845908
