,Beta Range,Alpha,Gamma,Eta,Max Risk,Wealth,No Risk Wealth
0,63.0,1.1,0.0,20.0,1.3,0.7609022187202922,0.5382754828882015
