,Beta Range,Alpha,Gamma,Eta,Max Risk,Wealth,No Risk Wealth
0,42.0,2.4,0.0,25.0,0.55,1.237475217212156,0.8852469519452145
