,Beta Range,Alpha,Gamma,Eta,Max Risk,Wealth,No Risk Wealth
0,63.0,0.7,0.005,16.0,0.9,0.80829768897378,0.2905601799004615
