,Beta Range,Alpha,Gamma,Eta,Max Risk,Wealth,No Risk Wealth
0,63.0,1.2,0.0025,21.0,1.4,0.5332143076131236,0.4361611164919454
