,Beta Range,Alpha,Gamma,Eta,Max Risk,Wealth,No Risk Wealth
0,63.0,2.9,0.001,16.0,0.75,1.539881518931485,1.33378056812889
