,Beta Range,Alpha,Gamma,Eta,Max Risk,Wealth,No Risk Wealth
0,21.0,1.9,0.005,31.0,1.3,0.48085086738151667,0.19786549518755478
