,Beta Range,Alpha,Gamma,Eta,Max Risk,Wealth,No Risk Wealth
0,42.0,3.4,0.0025,8.0,0.95,1.372961974272288,1.193114945645126
