,Beta Range,Alpha,Gamma,Eta,Max Risk,Wealth,No Risk Wealth
0,42.0,0.2,0.0,19.0,0.8,0.6888956319308852,0.5979023081354805
