,Beta Range,Alpha,Gamma,Eta,Max Risk,Wealth,No Risk Wealth
0,21.0,1.3,0.01,21.0,1.35,0.37376886149021454,0.16745976713472735
