,Beta Range,Alpha,Gamma,Eta,Max Risk,Wealth,No Risk Wealth
0,126.0,3.7,0.01,29.0,1.15,0.8699120202003038,0.39938133650387203
