,Beta Range,Alpha,Gamma,Eta,Max Risk,Wealth,No Risk Wealth
0,21.0,1.2,0.01,9.0,1.45,1.0665369478255313,1.0607052942671076
