,Beta Range,Alpha,Gamma,Eta,Max Risk,Wealth,No Risk Wealth
0,21.0,1.2,0.001,27.0,1.2,0.8590433221452857,0.28760325526604374
