,Beta Range,Alpha,Gamma,Eta,Max Risk,Wealth,No Risk Wealth
0,126.0,1.0,0.001,20.0,1.45,0.5546672172874565,0.619424673450557
