,Beta Range,Alpha,Gamma,Eta,Max Risk,Wealth,No Risk Wealth
0,252.0,1.1,0.0025,30.0,1.35,0.34082385484254496,0.3455193954353066
