,Beta Range,Alpha,Gamma,Eta,Max Risk,Wealth,No Risk Wealth
0,21.0,1.2,0.01,26.0,1.4,0.12219395798782817,0.03242300607722688
