,Beta Range,Alpha,Gamma,Eta,Max Risk,Wealth,No Risk Wealth
0,126.0,2.0,0.005,22.0,1.05,1.0231994824107273,0.8277286761436813
