,Beta Range,Alpha,Gamma,Eta,Max Risk,Wealth,No Risk Wealth
0,21.0,2.3,0.001,20.0,0.65,1.2576600097255861,1.1221114904246239
