,Beta Range,Alpha,Gamma,Eta,Max Risk,Wealth,No Risk Wealth
0,42.0,3.9,0.01,17.0,0.9,1.617666188851866,0.9798527391032715
