,Beta Range,Alpha,Gamma,Eta,Max Risk,Wealth,No Risk Wealth
0,21.0,2.2,0.0025,21.0,0.55,1.5103339436303682,0.9417614126544116
