,Beta Range,Alpha,Gamma,Eta,Max Risk,Wealth,No Risk Wealth
0,63.0,2.6,0.005,23.0,1.25,1.0740716116553892,0.9223930612126097
