,Beta Range,Alpha,Gamma,Eta,Max Risk,Wealth,No Risk Wealth
0,21.0,2.7,0.005,15.0,0.9,1.2527380625096238,1.1974843274262965
