,Beta Range,Alpha,Gamma,Eta,Max Risk,Wealth,No Risk Wealth
0,21.0,1.0,0.01,22.0,0.95,0.27606580176792894,0.05837972169621858
