,Beta Range,Alpha,Gamma,Eta,Max Risk,Wealth,No Risk Wealth
0,252.0,0.0,0.0025,31.0,0.75,0.3058713371468627,0.013569677483065562
