,Beta Range,Alpha,Gamma,Eta,Max Risk,Wealth,No Risk Wealth
0,252.0,3.1,0.005,28.0,1.3,0.8150847732854094,0.7680194497425349
