,Beta Range,Alpha,Gamma,Eta,Max Risk,Wealth,No Risk Wealth
0,252.0,2.4,0.0025,12.0,1.4,1.2125493965570648,1.2125493965570648
