,Beta Range,Alpha,Gamma,Eta,Max Risk,Wealth,No Risk Wealth
0,21.0,0.5,0.0,30.0,1.15,0.5967436498066905,0.45553936345862694
