,Beta Range,Alpha,Gamma,Eta,Max Risk,Wealth,No Risk Wealth
0,21.0,1.5,0.001,29.0,0.6,1.4703463306047684,0.18809018531618701
