,Beta Range,Alpha,Gamma,Eta,Max Risk,Wealth,No Risk Wealth
0,42.0,0.9,0.01,8.0,1.05,1.0440207717950254,0.9687392903664209
