,Beta Range,Alpha,Gamma,Eta,Max Risk,Wealth,No Risk Wealth
0,21.0,3.1,0.0025,15.0,0.75,1.4280129942725002,1.3016209480028544
