,Beta Range,Alpha,Gamma,Eta,Max Risk,Wealth,No Risk Wealth
0,63.0,0.1,0.001,14.0,1.4,0.3381703503018594,0.2522935015660618
