,Beta Range,Alpha,Gamma,Eta,Max Risk,Wealth,No Risk Wealth
0,42.0,3.5,0.0,21.0,0.85,1.0489124793985545,1.2449422929091958
