,Beta Range,Alpha,Gamma,Eta,Max Risk,Wealth,No Risk Wealth
0,21.0,1.6,0.0,11.0,1.15,1.4762868325071683,1.3826422429439267
