,Beta Range,Alpha,Gamma,Eta,Max Risk,Wealth,No Risk Wealth
0,21.0,1.5,0.001,8.0,0.9,1.5925766037292848,1.2342623154890093
