,Beta Range,Alpha,Gamma,Eta,Max Risk,Wealth,No Risk Wealth
0,252.0,3.4,0.0025,21.0,0.95,1.2836446103979964,1.1234162069559146
