,Beta Range,Alpha,Gamma,Eta,Max Risk,Wealth,No Risk Wealth
0,126.0,2.0,0.0,26.0,0.65,1.254162935627223,0.5729669575903169
