,Beta Range,Alpha,Gamma,Eta,Max Risk,Wealth,No Risk Wealth
0,63.0,0.4,0.001,14.0,0.85,0.629446723705396,0.6032445663048401
