,Beta Range,Alpha,Gamma,Eta,Max Risk,Wealth,No Risk Wealth
0,252.0,0.0,0.0025,21.0,0.95,0.2074959462377812,0.017073531970665596
