,Beta Range,Alpha,Gamma,Eta,Max Risk,Wealth,No Risk Wealth
0,252.0,1.7,0.001,8.0,0.55,1.6389514881658978,1.2342623154890093
