,Beta Range,Alpha,Gamma,Eta,Max Risk,Wealth,No Risk Wealth
0,63.0,1.1,0.0,23.0,1.1,0.7952059024632352,0.3542005880399649
