,Beta Range,Alpha,Gamma,Eta,Max Risk,Wealth,No Risk Wealth
0,126.0,1.6,0.0,9.0,1.05,1.1827461256101384,1.221746270666032
