,Beta Range,Alpha,Gamma,Eta,Max Risk,Wealth,No Risk Wealth
0,42.0,3.0,0.005,20.0,1.0,1.0082694446580263,0.9752185657543371
