,Beta Range,Alpha,Gamma,Eta,Max Risk,Wealth,No Risk Wealth
0,63.0,2.8,0.0025,29.0,0.95,1.3035458813493355,0.6316974045497474
