,Beta Range,Alpha,Gamma,Eta,Max Risk,Wealth,No Risk Wealth
0,126.0,3.6,0.0025,23.0,1.3,1.0904722399267468,1.0904722399267468
