,Beta Range,Alpha,Gamma,Eta,Max Risk,Wealth,No Risk Wealth
0,21.0,2.4,0.0,18.0,0.5,1.5658900064064418,1.0326230414709598
