,Beta Range,Alpha,Gamma,Eta,Max Risk,Wealth,No Risk Wealth
0,126.0,0.7,0.005,25.0,1.0,0.147531785584203,0.09317111487801304
