,Beta Range,Alpha,Gamma,Eta,Max Risk,Wealth,No Risk Wealth
0,21.0,1.2,0.01,23.0,1.35,0.21390705388528775,0.05077866477914943
