,Beta Range,Alpha,Gamma,Eta,Max Risk,Wealth,No Risk Wealth
0,63.0,3.5,0.01,29.0,1.35,0.7439426100269337,0.6991069668419116
