,Beta Range,Alpha,Gamma,Eta,Max Risk,Wealth,No Risk Wealth
0,63.0,3.9,0.001,20.0,1.25,1.2649658932822379,1.3021227937974371
