,Beta Range,Alpha,Gamma,Eta,Max Risk,Wealth,No Risk Wealth
0,42.0,0.1,0.0025,23.0,0.55,0.45777413373680625,0.030039276446857464
