,Beta Range,Alpha,Gamma,Eta,Max Risk,Wealth,No Risk Wealth
0,42.0,0.3,0.005,11.0,1.4,0.3133709420950789,0.21986972913802466
