,Beta Range,Alpha,Gamma,Eta,Max Risk,Wealth,No Risk Wealth
0,63.0,0.0,0.01,23.0,0.6,0.04644982577418258,1.6594557662389786e-07
