,Beta Range,Alpha,Gamma,Eta,Max Risk,Wealth,No Risk Wealth
0,63.0,0.6,0.005,29.0,0.5,1.001828966217403,0.02329311951350314
