,Beta Range,Alpha,Gamma,Eta,Max Risk,Wealth,No Risk Wealth
0,252.0,3.8,0.005,31.0,0.85,1.182081295073863,0.545837714788237
