,Beta Range,Alpha,Gamma,Eta,Max Risk,Wealth,No Risk Wealth
0,21.0,0.9,0.005,25.0,1.2,0.24884345808949485,0.17689328748120264
