,Beta Range,Alpha,Gamma,Eta,Max Risk,Wealth,No Risk Wealth
0,126.0,3.9,0.01,13.0,1.05,0.8957276988251883,0.9883781013638787
