,Beta Range,Alpha,Gamma,Eta,Max Risk,Wealth,No Risk Wealth
0,42.0,0.7,0.005,11.0,0.75,1.030280281171068,0.4719941031808559
