,Beta Range,Alpha,Gamma,Eta,Max Risk,Wealth,No Risk Wealth
0,63.0,0.9,0.0,25.0,1.35,1.012866730504965,0.8002970402769785
