,Beta Range,Alpha,Gamma,Eta,Max Risk,Wealth,No Risk Wealth
0,42.0,3.1,0.005,8.0,0.9,1.4126626882875417,1.1275582779270066
