,Beta Range,Alpha,Gamma,Eta,Max Risk,Wealth,No Risk Wealth
0,63.0,3.7,0.005,29.0,1.4,0.5537393833496578,0.5264471249414896
