,Beta Range,Alpha,Gamma,Eta,Max Risk,Wealth,No Risk Wealth
0,21.0,2.2,0.001,31.0,0.6,1.1280215058148706,0.5806539514658299
