,Beta Range,Alpha,Gamma,Eta,Max Risk,Wealth,No Risk Wealth
0,63.0,3.8,0.001,31.0,1.15,1.2861147427433737,0.6849528745699864
