,Beta Range,Alpha,Gamma,Eta,Max Risk,Wealth,No Risk Wealth
0,21.0,1.9,0.01,31.0,0.8,0.6577046393013798,0.08516954416240208
