,Beta Range,Alpha,Gamma,Eta,Max Risk,Wealth,No Risk Wealth
0,42.0,2.4,0.001,29.0,1.4,0.6240950448298739,0.6338220952132538
