,Beta Range,Alpha,Gamma,Eta,Max Risk,Wealth,No Risk Wealth
0,21.0,1.7,0.0025,29.0,0.75,0.9685543554722968,0.21306329564144244
