,Beta Range,Alpha,Gamma,Eta,Max Risk,Wealth,No Risk Wealth
0,21.0,1.6,0.001,20.0,0.65,1.3664900967724551,0.9019358180669906
