,Beta Range,Alpha,Gamma,Eta,Max Risk,Wealth,No Risk Wealth
0,252.0,3.1,0.01,9.0,0.95,1.2422511855420744,0.9867743075325625
