,Beta Range,Alpha,Gamma,Eta,Max Risk,Wealth,No Risk Wealth
0,42.0,3.1,0.005,15.0,1.15,1.1938392484711289,1.1974843274262965
